<?xml version="1.0" encoding="UTF-8"?>
<div1 type="trialAccount" id="t16770711a-4">
               <interp inst="t16770711a-4" type="collection" value="BAILEY"></interp>
               <interp inst="t16770711a-4" type="year" value="1677"></interp>
               <interp inst="t16770711a-4" type="uri" value="sessionsPapers/16770711A"></interp>
               <interp inst="t16770711a-4" type="date" value="16770711"></interp>
               <join result="criminalCharge" id="t16770711a-4-off12-c6" targOrder="Y" targets="t16770711a-4-defend10 t16770711a-4-off12 t16770711a-4-verdict14"></join>
               <join result="criminalCharge" id="t16770711a-4-off12-c7" targOrder="Y" targets="t16770711a-4-defend11 t16770711a-4-off12 t16770711a-4-verdict13"></join>
               <join result="criminalCharge" id="t16770711a-4-off12-c8" targOrder="Y" targets="t16770711a-4-defend12 t16770711a-4-off12 t16770711a-4-verdict13"></join>
         
               <p>
            
                  <persName id="t16770711a-4-defend10" type="defendantName">
                  Elizabeth 
                  Longman
               <interp inst="t16770711a-4-defend10" type="surname" value="Longman"></interp>
                     <interp inst="t16770711a-4-defend10" type="given" value="Elizabeth"></interp>
                     <interp inst="t16770711a-4-defend10" type="gender" value="female"></interp>
                  </persName>
            , an old and impudent Offender, having been above Twelve times in Newgate, she had been lately transported; but returning, stole a great quantity of Silks; for which she was Convicted last Sessions, and employ'd 
               <persName id="t16770711a-4-defend11" type="defendantName">
                  Edward 
                  Wall
               <interp inst="t16770711a-4-defend11" type="surname" value="Wall"></interp>
                     <interp inst="t16770711a-4-defend11" type="given" value="Edward"></interp>
                     <interp inst="t16770711a-4-defend11" type="gender" value="male"></interp>
                  </persName>
             and 
               <persName id="t16770711a-4-defend12" type="defendantName">
                  Edward 
                  Russel
               <interp inst="t16770711a-4-defend12" type="surname" value="Russel"></interp>
                     <interp inst="t16770711a-4-defend12" type="given" value="Edward"></interp>
                     <interp inst="t16770711a-4-defend12" type="gender" value="male"></interp>
                  </persName>
             to engage a 
               <persName id="t16770711a-4-victim13" type="victimName">
                     <rs id="t16770711a-4-viclabel11" type="occupation">Gentleman of Quality</rs>
                     <join result="persNameOccupation" targOrder="Y" targets="t16770711a-4-victim13 t16770711a-4-viclabel11"></join>
                     <interp inst="t16770711a-4-victim13" type="gender" value="male"></interp>
                     <join result="offenceVictim" targOrder="Y" targets="t16770711a-4-off12 t16770711a-4-victim13"></join>
                  </persName>
             to solicite a Reprieve for one of her Companions. <rs id="t16770711a-4-off12" type="offenceDescription">
                     <interp inst="t16770711a-4-off12" type="offenceCategory" value="theft"></interp>
                     <interp inst="t16770711a-4-off12" type="offenceSubcategory" value="other"></interp>
               In this Gentleman's Lodgings they observ'd abundance of Plate, and speaking of it, this Bess Longman cries, And did you onely see it? you dull Fools, go take it into possession: Which, at her instigation they effected
            </rs>; but being young Thieves, were soon discovered; <rs id="t16770711a-4-verdict13" type="verdictDescription">
                     <interp inst="t16770711a-4-verdict13" type="verdictCategory" value="guilty"></interp>
                     <interp inst="t16770711a-4-verdict13" type="verdictSubcategory" value="pleadedGuilty"></interp>
               pleaded guilty
            </rs> to the Indictment, and <rs id="t16770711a-4-verdict14" type="verdictDescription">
                     <interp inst="t16770711a-4-verdict14" type="verdictCategory" value="guilty"></interp>
               now suffer'd with her
            </rs>.</p>
            </div1>