<?xml version="1.0" encoding="UTF-8"?>
<div1 type="trialAccount" id="t16750707-4">
               <interp inst="t16750707-4" type="collection" value="BAILEY"></interp>
               <interp inst="t16750707-4" type="year" value="1675"></interp>
               <interp inst="t16750707-4" type="uri" value="sessionsPapers/16750707"></interp>
               <interp inst="t16750707-4" type="date" value="16750707"></interp>
               <join result="criminalCharge" id="t16750707-4-off9-c7" targOrder="Y" targets="t16750707-4-defend7 t16750707-4-off9 t16750707-4-verdict12"></join>
         
               <p>There was likewise tryed that unhappy creature that <rs id="t16750707-4-off9" type="offenceDescription">
                     <interp inst="t16750707-4-off9" type="offenceCategory" value="kill"></interp>
                     <interp inst="t16750707-4-off9" type="offenceSubcategory" value="pettyTreason"></interp>
               kill'd her 
                     <persName id="t16750707-4-victim6" type="victimName">
                        <rs id="t16750707-4-viclabel10" type="occupation">Husband</rs>
                        <join result="persNameOccupation" targOrder="Y" targets="t16750707-4-victim6 t16750707-4-viclabel10"></join>
                        <interp inst="t16750707-4-victim6" type="gender" value="male"></interp>
                        <join result="offenceVictim" targOrder="Y" targets="t16750707-4-off9 t16750707-4-victim6"></join>
                     </persName>
                  
               
                  </rs> at <placeName id="t16750707-4-crimeloc11">Goodmans Fields</placeName>
                  <interp inst="t16750707-4-crimeloc11" type="placeName" value="Goodmans Fields"></interp>
                  <interp inst="t16750707-4-crimeloc11" type="type" value="crimeLocation"></interp>
                  <join result="offencePlace" targOrder="Y" targets="t16750707-4-off9 t16750707-4-crimeloc11"></join>, viz. 
               <persName id="t16750707-4-defend7" type="defendantName">
                  Elizabeth 
                  Lylliman
               <interp inst="t16750707-4-defend7" type="surname" value="Lylliman"></interp>
                     <interp inst="t16750707-4-defend7" type="given" value="Elizabeth"></interp>
                     <interp inst="t16750707-4-defend7" type="gender" value="female"></interp>
                     <interp inst="t16750707-4-defend7" type="age" value="50"></interp>
                  </persName>
            ; she seem'd to be a person of some 50 years of age, old both in years and wickedness; her carriage was very strange both at her Arraignment and Tryal, for after her Indictment read, and the the Clark demanded her Plea to the same, she fell into a kind of passion, and desired of the Court that she might see her dear Husband before she pleaded, which she insisted upon with seeming earnestness for some time; but this appeared to the Court to be but a mad kind of Artifice, designed out of her feigned passionate Zeal to her Murthered Husband to take off the suspicion of her being instrumental to his death, but this would not serve the turn, for upon her Tryal the Fact was evidently proved against her by several witnesses, the people of the house where they were when the Murther was done, did attest how that a little time before the Murther, the party murthered, (having got a dried mackerel for his supper, went out to a Cobler that kept a Stall next adjoyning to the house, and borrowed his knife of him to dress his Fish; that while the Fish was a broyling, the people of the house being gon out of the Room, at their return, they found poor Lylliman with the aforesaid knife in his body, and the blood streaming out after it in this condition, nevertheless he <xptr type="pageFacsimile" doc="16750707005"></xptr>had so much strength as to go to the door, and called to the Cobler of whom he borrowed the knife, to come to him, and then imbracing him, cryed out dear Countryman, my wife has stab'd me with a knife I borrowed of you, which words he reiterated 3 or 4 times, and then sunk down dead; The Chirurgion that searched the wound did attest that the knife was entred into his very heart; notwithstanding all which evidence, this bloody woman had the confidence to deny the Fact, and to pretend her self to be clearly innocent of it; but it was too evidently proved against her, and the whole matter being left to the Jury, they brought her in <rs id="t16750707-4-verdict12" type="verdictDescription">
                     <interp inst="t16750707-4-verdict12" type="verdictCategory" value="guilty"></interp>
               guilty of petty Treason
            </rs>.</p>
               <p>
                  <rs id="t16750707-4-punish13" type="punishmentDescription">
                     <interp inst="t16750707-4-punish13" type="punishmentCategory" value="death"></interp>
                     <interp inst="t16750707-4-punish13" type="punishmentSubcategory" value="burning"></interp>
                     <join result="defendantPunishment" targOrder="Y" targets="t16750707-4-defend7 t16750707-4-punish13"></join>
               
                     <note>[Death. See summary.]</note>
               
                  </rs>
               </p>
            </div1>