<?xml version="1.0" encoding="UTF-8"?>
<div1 type="trialAccount" id="t16770711-5">
               <interp inst="t16770711-5" type="collection" value="BAILEY"></interp>
               <interp inst="t16770711-5" type="year" value="1677"></interp>
               <interp inst="t16770711-5" type="uri" value="sessionsPapers/16770711"></interp>
               <interp inst="t16770711-5" type="date" value="16770711"></interp>
               <join result="criminalCharge" id="t16770711-5-off21-c8" targOrder="Y" targets="t16770711-5-defend8 t16770711-5-off21 t16770711-5-verdict20"></join>
         
               <p>A 
               <persName id="t16770711-5-defend8" type="defendantName">young wench<interp inst="t16770711-5-defend8" type="gender" value="female"></interp>
                  </persName>
             was <rs id="t16770711-5-verdict20" type="verdictDescription">
                     <interp inst="t16770711-5-verdict20" type="verdictCategory" value="guilty"></interp>
               Convicted
            </rs> fer <rs id="t16770711-5-off21" type="offenceDescription">
                     <interp inst="t16770711-5-off21" type="offenceCategory" value="theft"></interp>
                     <interp inst="t16770711-5-off21" type="offenceSubcategory" value="theftFromPlace"></interp>
               stealing four small Gold plates off a 
                     <persName id="t16770711-5-victim9" type="victimName">
                        <rs id="t16770711-5-viclabel22" type="occupation">Silver smith</rs>
                        <join result="persNameOccupation" targOrder="Y" targets="t16770711-5-victim9 t16770711-5-viclabel22"></join>
                        <interp inst="t16770711-5-victim9" type="gender" value="male"></interp>
                        <join result="offenceVictim" targOrder="Y" targets="t16770711-5-off21 t16770711-5-victim9"></join>
                     </persName>
                  s stall
            </rs>, whereof one was taken upon her.</p>
            </div1>