<?xml version="1.0" encoding="UTF-8"?>
<div1 type="trialAccount" id="t16760114-6">
               <interp inst="t16760114-6" type="collection" value="BAILEY"></interp>
               <interp inst="t16760114-6" type="year" value="1676"></interp>
               <interp inst="t16760114-6" type="uri" value="sessionsPapers/16760114"></interp>
               <interp inst="t16760114-6" type="date" value="16760114"></interp>
               <join result="criminalCharge" id="t16760114-6-off18-c9" targOrder="Y" targets="t16760114-6-defend9 t16760114-6-off18 t16760114-6-verdict19"></join>
         
               <p>After this a 
               <persName id="t16760114-6-defend9" type="defendantName">woman<interp inst="t16760114-6-defend9" type="gender" value="female"></interp>
                  </persName>
             was indicted, for that she together with two men, not yet taken, went into a house in the City, and pretended themselves persons of quality, one of the men saying he was Steward to a person of Honour, and the other a Gentleman newly come from Ireland; they desired Lodgings, and their requests were answered, and at night, it being Christmas time, they desired to play a game at Cards, for their divertisement, with their 
               <persName id="t16760114-6-victim10" type="victimName">
                     <rs id="t16760114-6-viclabel17" type="occupation">Landlord</rs>
                     <join result="persNameOccupation" targOrder="Y" targets="t16760114-6-victim10 t16760114-6-viclabel17"></join>
                     <interp inst="t16760114-6-victim10" type="gender" value="male"></interp>
                     <join result="offenceVictim" targOrder="Y" targets="t16760114-6-off18 t16760114-6-victim10"></join>
                  </persName>
            , and he to oblidge them readily compli'd; but the Landlady being gone a gossiping or visiting, and none left but her Husband and these new-come-gentlefolks at home, they desired him to send out for some Double Beer for them; he stept to the next door and bid the Maid bring it in after that they called for Wine, and he sent the same<xptr type="pageFacsimile" doc="16760114004"></xptr>Maid to Fetch it; then a little after they desired that he would fetch them some more Double Beer himself, and as soon as he was gone they took a Candle and <rs id="t16760114-6-off18" type="offenceDescription">
                     <interp inst="t16760114-6-off18" type="offenceCategory" value="theft"></interp>
                     <interp inst="t16760114-6-off18" type="offenceSubcategory" value="theftFromPlace"></interp>
               run up stairs to his Chamber and broke his Closet open, and took from thence a silver Tankard and Money, to the value of twenty pounds
            </rs>, and left him only a light upon the stairs to see his losses: Away mareh'd they, but some days after this woman was met with and brought, to Newgate, and from thence to the Bar, where she pleaded that one of the men that took away the Money and Plate was her Husband, and produced a Certificate from the Parson of Pancross to affirm it; but the Jury supposing it to be counterfeit, found her <rs id="t16760114-6-verdict19" type="verdictDescription">
                     <interp inst="t16760114-6-verdict19" type="verdictCategory" value="guilty"></interp>
               guilty
            </rs>, and the chiefest comfort she is like to have is <rs id="t16760114-6-punish20" type="punishmentDescription">
                     <interp inst="t16760114-6-punish20" type="punishmentCategory" value="transport"></interp>
                     <join result="defendantPunishment" targOrder="Y" targets="t16760114-6-defend9 t16760114-6-punish20"></join>
               transportation
            </rs>.</p>
            </div1>