<?xml version="1.0" encoding="UTF-8"?>
<div1 type="trialAccount" id="t16761011-11">
               <interp inst="t16761011-11" type="collection" value="BAILEY"></interp>
               <interp inst="t16761011-11" type="year" value="1676"></interp>
               <interp inst="t16761011-11" type="uri" value="sessionsPapers/16761011"></interp>
               <interp inst="t16761011-11" type="date" value="16761011"></interp>
               <join result="criminalCharge" id="t16761011-11-off36-c19" targOrder="Y" targets="t16761011-11-defend19 t16761011-11-off36 t16761011-11-verdict40"></join>
         
               <p>A 
               <persName id="t16761011-11-defend19" type="defendantName">Woman<interp inst="t16761011-11-defend19" type="gender" value="female"></interp>
                  </persName>
             that had several times troubled the Court at former Sessions, was now brought in again; the Crime she was charged with being thus: She had for some time <rs id="t16761011-11-off36" type="offenceDescription">
                     <interp inst="t16761011-11-off36" type="offenceCategory" value="theft"></interp>
                     <interp inst="t16761011-11-off36" type="offenceSubcategory" value="theftFromPlace"></interp>
               lodged at a house in <placeName id="t16761011-11-crimeloc37">St. Sepulchres Parish</placeName>
                     <interp inst="t16761011-11-crimeloc37" type="placeName" value="St. Sepulchres Parish"></interp>
                     <interp inst="t16761011-11-crimeloc37" type="type" value="crimeLocation"></interp>
                     <join result="offencePlace" targOrder="Y" targets="t16761011-11-off36 t16761011-11-crimeloc37"></join>, and on the <rs id="t16761011-11-cd38" type="crimeDate">22th February</rs>
                     <join result="offenceCrimeDate" targOrder="Y" targets="t16761011-11-off36 t16761011-11-cd38"></join> last taking an opportunity, whilst her 
                     <persName id="t16761011-11-victim20" type="victimName">
                        <rs id="t16761011-11-viclabel39" type="occupation">Landlord</rs>
                        <join result="persNameOccupation" targOrder="Y" targets="t16761011-11-victim20 t16761011-11-viclabel39"></join>
                        <interp inst="t16761011-11-victim20" type="gender" value="male"></interp>
                        <join result="offenceVictim" targOrder="Y" targets="t16761011-11-off36 t16761011-11-victim20"></join>
                     </persName>
                   and his Wife were gone forth to a Funeral, cut away the posts of the door where they used to lie, and with a piece of Iron put back the Spring-lock, and stole away a silver Cup to the value of 5l. a Tankard worth 9l. and several other Goods, wearing Apparel, &amp;c.
            </rs> There came in Evidence against her, that they saw a light in the Chamber where the Robbery was committed at the same time, and Knock'd at the door, but no body would answer; and that immediately after she was seen to come out of the house with a bundle or a heap in her Apron, &amp;c. After <rs id="t16761011-11-verdict40" type="verdictDescription">
                     <interp inst="t16761011-11-verdict40" type="verdictCategory" value="guilty"></interp>
               Conviction
            </rs> she <rs id="t16761011-11-punish41" type="punishmentDescription">
                     <interp inst="t16761011-11-punish41" type="punishmentCategory" value="death"></interp>
                     <join result="defendantPunishment" targOrder="Y" targets="t16761011-11-defend19 t16761011-11-punish41"></join>
               pleaded her Belly, but a Jury of Matrons gave in their Verdict that she was not with Childe
            </rs>.</p>
            </div1>