<?xml version="1.0" encoding="UTF-8"?>
<div1 type="trialAccount" id="t16760510-2">
               <interp inst="t16760510-2" type="collection" value="BAILEY"></interp>
               <interp inst="t16760510-2" type="year" value="1676"></interp>
               <interp inst="t16760510-2" type="uri" value="sessionsPapers/16760510"></interp>
               <interp inst="t16760510-2" type="date" value="16760510"></interp>
               <join result="criminalCharge" id="t16760510-2-off5-c4" targOrder="Y" targets="t16760510-2-defend4 t16760510-2-off5 t16760510-2-verdict6"></join>
         
               <p>To match him there was another (though not so famous) instance of the contrary sex, a 
               <persName id="t16760510-2-defend4" type="defendantName">woman<interp inst="t16760510-2-defend4" type="gender" value="female"></interp>
                  </persName>
             being indicted for <rs id="t16760510-2-off5" type="offenceDescription">
                     <interp inst="t16760510-2-off5" type="offenceCategory" value="sexual"></interp>
                     <interp inst="t16760510-2-off5" type="offenceSubcategory" value="bigamy"></interp>
               having two 
                     <persName id="t16760510-2-victim5" type="victimName">husbands<interp inst="t16760510-2-victim5" type="gender" value="male"></interp>
                     </persName>
                   at once alive
            </rs>, which being fully proved she was found <rs id="t16760510-2-verdict6" type="verdictDescription">
                     <interp inst="t16760510-2-verdict6" type="verdictCategory" value="guilty"></interp>
               Guilty
            </rs>, and her sex not being capable of the benefit of the Clergy, was likewise <rs id="t16760510-2-punish7" type="punishmentDescription">
                     <interp inst="t16760510-2-punish7" type="punishmentCategory" value="death"></interp>
                     <join result="defendantPunishment" targOrder="Y" targets="t16760510-2-defend4 t16760510-2-punish7"></join>
               condemned to dye
            </rs>.</p>
            </div1>