<?xml version="1.0" encoding="UTF-8"?>
<div1 type="trialAccount" id="t16761213-3">
               <interp inst="t16761213-3" type="collection" value="BAILEY"></interp>
               <interp inst="t16761213-3" type="year" value="1676"></interp>
               <interp inst="t16761213-3" type="uri" value="sessionsPapers/16761213"></interp>
               <interp inst="t16761213-3" type="date" value="16761213"></interp>
               <join result="criminalCharge" id="t16761213-3-off7-c4" targOrder="Y" targets="t16761213-3-defend4 t16761213-3-off7 t16761213-3-verdict8"></join>
         
               <p>A 
               <persName id="t16761213-3-defend4" type="defendantName">
                     <rs id="t16761213-3-deflabel6" type="occupation">Servant-maid</rs>
                     <join result="persNameOccupation" targOrder="Y" targets="t16761213-3-defend4 t16761213-3-deflabel6"></join>
                     <interp inst="t16761213-3-defend4" type="gender" value="female"></interp>
                  </persName>
             was found guilty of <rs id="t16761213-3-off7" type="offenceDescription">
                     <interp inst="t16761213-3-off7" type="offenceCategory" value="theft"></interp>
                     <interp inst="t16761213-3-off7" type="offenceSubcategory" value="grandLarceny"></interp>
               stealing a silver Tankard of the value of Five pounds
            </rs>: She living at a publick house in the Old Jury, took an opportunity to take it away; and having knock'd off the Lid, brought it to a Goldmith to sell, who perceiving the Cover lately broken off, would not buy it, unless she would shew it him; which after much importunity she did, and upon that was engraven the name of the 
               <persName id="t16761213-3-victim5" type="victimName">Owner<interp inst="t16761213-3-victim5" type="gender" value="male"></interp>
                     <join result="offenceVictim" targOrder="Y" targets="t16761213-3-off7 t16761213-3-victim5"></join>
                  </persName>
            , whose wife she then pretended to be, and had the Goldsmith to a Confederates house, who seemed to say as much: but at last being trapp'd in their words by him, she confess'd the Felony to him, and afterwards on her examination before the Justice, and acknowledg'd in effect as much now at the bar, onely said that the Tankard was delivered her to sell by a fellow-servant; but there being neither proof nor probability of any such things, she was <rs id="t16761213-3-verdict8" type="verdictDescription">
                     <interp inst="t16761213-3-verdict8" type="verdictCategory" value="guilty"></interp>
               convicted
            </rs>.</p>
            </div1>