<?xml version="1.0" encoding="UTF-8"?>
<div1 type="trialAccount" id="t16750115-2">
               <interp inst="t16750115-2" type="collection" value="BAILEY"></interp>
               <interp inst="t16750115-2" type="year" value="1675"></interp>
               <interp inst="t16750115-2" type="uri" value="sessionsPapers/16750115"></interp>
               <interp inst="t16750115-2" type="date" value="16750115"></interp>
               <join result="criminalCharge" id="t16750115-2-off8-c2" targOrder="Y" targets="t16750115-2-defend2 t16750115-2-off8 t16750115-2-verdict10"></join>
               <join result="criminalCharge" id="t16750115-2-off9-c2" targOrder="Y" targets="t16750115-2-defend2 t16750115-2-off9 t16750115-2-verdict10"></join>
               <join result="criminalCharge" id="t16750115-2-off12-c5" targOrder="Y" targets="t16750115-2-defend5 t16750115-2-off12 t16750115-2-verdict13"></join>
         
               <p>The next tryal of remarke was that of the <rs id="t16750115-2-deflabel5" type="occupation">Merchants Servant</rs>
                  <join result="persNameOccupation" targOrder="Y" targets="t16750115-2-defend2 t16750115-2-deflabel5"></join>, one 
               <persName id="t16750115-2-defend2" type="defendantName">
                  Rookewood
               <interp inst="t16750115-2-defend2" type="surname" value="Rookewood"></interp>
                     <interp inst="t16750115-2-defend2" type="gender" value="male"></interp>
                  </persName>
             Servant to one <rs id="t16750115-2-viclabel6" type="occupation">Mr.</rs>
                  <join result="persNameOccupation" targOrder="Y" targets="t16750115-2-victim3 t16750115-2-viclabel6"></join> 
            
                  <persName id="t16750115-2-victim3" type="victimName">
                  Rowland 
                  Lee
               <interp inst="t16750115-2-victim3" type="surname" value="Lee"></interp>
                     <interp inst="t16750115-2-victim3" type="given" value="Rowland"></interp>
                     <interp inst="t16750115-2-victim3" type="gender" value="male"></interp>
                  </persName>
             the Elder a <rs id="t16750115-2-viclabel7" type="occupation">Marchant</rs>
                  <join result="persNameOccupation" targOrder="Y" targets="t16750115-2-victim3 t16750115-2-viclabel7"></join> of London, he was arraigned upon two severall Indictments; the one of a <rs id="t16750115-2-off8" type="offenceDescription">
                     <interp inst="t16750115-2-off8" type="offenceCategory" value="theft"></interp>
                     <interp inst="t16750115-2-off8" type="offenceSubcategory" value="grandLarceny"></interp>
               felony, for Robing his said Master of several Sumes of money in all to the value of 3000 Pound
            </rs>, the other of <rs id="t16750115-2-off9" type="offenceDescription">
                     <interp inst="t16750115-2-off9" type="offenceCategory" value="theft"></interp>
                     <interp inst="t16750115-2-off9" type="offenceSubcategory" value="burglary"></interp>
               Feloney and Burglary for breaking up the House of his said Master, and Felonious takeing away of 210 Pound
            </rs> of the moneyes of 
               <persName id="t16750115-2-victim4" type="victimName">
                  Rowland 
                  Lee
               <interp inst="t16750115-2-victim4" type="surname" value="Lee"></interp>
                     <interp inst="t16750115-2-victim4" type="given" value="Rowland"></interp>
                     <interp inst="t16750115-2-victim4" type="gender" value="male"></interp>
                  </persName>
             the younger.</p>
               <p>The first Indictments for Felonious taking away of the 3000 Pound, he Pleaded Guilty; To the 2 Indictment, whereupon (besides the Feloney) he was indicted of Burglary which he might know was a Crime that exempted him from the benefit of Clergy <xptr type="pageFacsimile" doc="16750115005"></xptr>he was so much a friend to himself as to put himself upon his Tryal by Pleading not Guilty.</p>
               <p>Upon his Tryal upon this second Indictment it was proved against him by the Attestation of Several Witnesses, that Mr. Rowland Lee the Younger Sojourning in his Fathers house and having a Little Room therein for the keeping of his account, the Prisoner being then Servant to his Father took his opportunity when the said Mr. Lee was one day out of Town, broke into the said Room, and thence took a way the aforesaid 20 Pound.</p>
               <p>The fact was Clearly proved against, him both by Witnesses and his own confession in a letter of his own wrighting, which was read in Court, and wherein he owned the fact, and said moreover, that he stole the key wherewith he opened the door out of the said Mr. Lees Pocket; but the witnesses tonement varyed in their Evidence as to that, whether the said doore was broken open or opened by a key.</p>
               <p>There was some dispute in the Court whither the Indictments was well laid for the burglary, for that the fact although the same yet related to several persons the house that was broken open being Mr. Rowland Lees the Elder, and the Money that was taken away was Mr. Rowland Lees the younger, and therefore it was advised whither another Bill should not be drawn up to indict him severally of the burglary, but this Court not being agreed upon; the whole matter was left to the Jury, who brought him in <rs id="t16750115-2-verdict10" type="verdictDescription">
                     <interp inst="t16750115-2-verdict10" type="verdictCategory" value="guilty"></interp>
               guilty
            </rs> upon <xptr type="pageFacsimile" doc="16750115006"></xptr>the first Indictment by his own Confessions, and upon the Second they at first brought him in not guilty, but the Court not being satisfied with that Verdict they went out again and brought in a <rs id="t16750115-2-verdict11" type="verdictDescription">
                     <interp inst="t16750115-2-verdict11" type="verdictCategory" value="specialVerdict"></interp>
               Special Verdict
            </rs>, which is to be argued at another time.</p>

               <p>There was a 
               <persName id="t16750115-2-defend5" type="defendantName">woman<interp inst="t16750115-2-defend5" type="gender" value="female"></interp>
                  </persName>
             at the same time tryed for being accessary with the said Rookewood, And <rs id="t16750115-2-off12" type="offenceDescription">
                     <interp inst="t16750115-2-off12" type="offenceCategory" value="theft"></interp>
                     <interp inst="t16750115-2-off12" type="offenceSubcategory" value="receiving"></interp>
               receiving the monyes
            </rs> that he had Stollen; But although it appeared to the Court that she was a person likely enough to be guilty of such a crime, yet no direct Evidence coming in against her, she was <rs id="t16750115-2-verdict13" type="verdictDescription">
                     <interp inst="t16750115-2-verdict13" type="verdictCategory" value="notGuilty"></interp>
               acquitted
            </rs>.</p>
               <p>
                  <rs id="t16750115-2-punish14" type="punishmentDescription">
                     <interp inst="t16750115-2-punish14" type="punishmentCategory" value="miscPunish"></interp>
                     <interp inst="t16750115-2-punish14" type="punishmentSubcategory" value="branding"></interp>
                     <join result="defendantPunishment" targOrder="Y" targets="t16750115-2-defend2 t16750115-2-punish14"></join>
               
                     <note>[Branding. See summary.]</note>
               
                  </rs>
               </p>
            </div1>