<?xml version="1.0" encoding="UTF-8"?>
<div1 type="trialAccount" id="t16761213-11">
               <interp inst="t16761213-11" type="collection" value="BAILEY"></interp>
               <interp inst="t16761213-11" type="year" value="1676"></interp>
               <interp inst="t16761213-11" type="uri" value="sessionsPapers/16761213"></interp>
               <interp inst="t16761213-11" type="date" value="16761213"></interp>
               <join result="criminalCharge" id="t16761213-11-off33-c18" targOrder="Y" targets="t16761213-11-defend18 t16761213-11-off33 t16761213-11-verdict36"></join>
               <join result="criminalCharge" id="t16761213-11-off33-c19" targOrder="Y" targets="t16761213-11-defend19 t16761213-11-off33 t16761213-11-verdict36"></join>
         
               <p>
                  <xptr type="pageFacsimile" doc="16761213007"></xptr>A 
               <persName id="t16761213-11-defend18" type="defendantName">Woman<interp inst="t16761213-11-defend18" type="gender" value="female"></interp>
                  </persName>
             as principal, and a 
               <persName id="t16761213-11-defend19" type="defendantName">Man<interp inst="t16761213-11-defend19" type="gender" value="male"></interp>
                  </persName>
             as accessary, were Convicted for <rs id="t16761213-11-off33" type="offenceDescription">
                     <interp inst="t16761213-11-off33" type="offenceCategory" value="theft"></interp>
                     <interp inst="t16761213-11-off33" type="offenceSubcategory" value="grandLarceny"></interp>
               stealing Plate, and other rich goods, to the value of 200 pound
            </rs> from a 
               <persName id="t16761213-11-victim20" type="victimName">Frenchman<interp inst="t16761213-11-victim20" type="gender" value="male"></interp>
                     <join result="offenceVictim" targOrder="Y" targets="t16761213-11-off33 t16761213-11-victim20"></join>
                  </persName>
             at <placeName id="t16761213-11-crimeloc34">Westminster</placeName>
                  <interp inst="t16761213-11-crimeloc34" type="placeName" value="Westminster"></interp>
                  <interp inst="t16761213-11-crimeloc34" type="type" value="crimeLocation"></interp>
                  <join result="offencePlace" targOrder="Y" targets="t16761213-11-off33 t16761213-11-crimeloc34"></join>; whose <rs id="t16761213-11-deflabel35" type="occupation">servant</rs>
                  <join result="persNameOccupation" targOrder="Y" targets="t16761213-11-defend18 t16761213-11-deflabel35"></join> the woman being, took the opportunity of his absence, and ransackt several of his Rooms, and stole the said goods, After which the said other prisoner took her a Lodging, disposed of a Watch, and some of the Plate; for which both were found <rs id="t16761213-11-verdict36" type="verdictDescription">
                     <interp inst="t16761213-11-verdict36" type="verdictCategory" value="guilty"></interp>
               Guilty
            </rs>.</p>
            </div1>